store,item,forecasted_avg_daily_demand,demand_std,safety_stock,reorder_point
1,1,20.381895,6.732116303814467,29,172
1,2,55.934093,14.833776499716684,65,457
1,3,34.115158,10.036954025981153,44,283
1,4,20.414003,6.588284209735959,29,172
1,5,17.224688,5.684610998919185,25,146
1,6,55.9199,14.623802897594173,64,455
1,7,55.03075,15.114878218712821,66,451
1,8,73.24651,18.516143298658747,81,594
1,9,47.527218,13.09374904496729,57,390
1,10,69.83557,18.094771668153104,79,568
1,11,66.72376,17.147841945837843,75,542
1,12,66.06286,17.48564441175426,76,538
1,13,79.422455,20.05816764232654,87,643
1,14,55.92433,14.603695014472297,64,455
1,15,83.97905,21.388495379899865,93,681
1,16,23.879337,7.528579622004603,33,200
1,17,30.815174,9.082053135727275,40,256
1,18,80.94232,20.76903722109479,90,657
1,19,38.991947,10.98392507414405,48,321
1,20,44.962612,12.038044223790333,52,367
1,21,38.278996,10.789956404790281,47,315
1,22,76.20436,19.552546124518717,85,618
1,23,28.458584,8.39325218441343,37,236
1,24,62.342285,16.355043047248863,71,507
1,25,76.794464,19.527504069582733,85,623
1,26,45.856277,12.730403124718835,55,376
1,27,20.783308,6.653629508163875,29,174
1,28,84.16975,21.312298318433132,93,682
1,29,66.51059,17.156702348303845,75,541
1,30,38.39427,10.91052446627069,47,316
1,31,56.602573,14.747387618564908,64,460
1,32,42.051113,11.332485706824768,49,343
1,33,65.76359,16.93547528703166,74,534
1,34,24.642727,7.520596081341846,33,205
1,35,62.652283,16.362773685150916,71,510
1,36,72.13209,19.019209306253714,83,588
1,37,28.261007,8.381209066134533,36,234
1,38,77.17411,19.74329561099352,86,626
1,39,41.653744,11.684644981243258,51,343
1,40,27.548306,8.164878362303066,36,229
1,41,20.66213,6.712311836361255,29,174
1,42,34.75856,9.514258028305962,41,284
1,43,48.388233,13.214691215014764,58,397
1,44,28.512905,8.313458188584411,36,236
1,45,75.59766,19.612666436839614,85,614
1,46,55.981956,14.67986578583476,64,456
1,47,21.072803,6.555209712928145,29,177
1,48,48.37384,13.292632329255238,58,397
1,49,28.049282,8.21417587164395,36,232
1,50,61.88863,16.188923608360998,70,503
2,1,29.274002,8.641963196491336,38,243
2,2,78.27518,20.16734881252085,88,636
2,3,50.364742,13.35321017549499,58,411
2,4,29.253464,8.595524217670576,37,242
2,5,24.60953,7.742206809999699,34,206
2,6,77.52288,20.24586140510154,88,631
2,7,77.89966,20.341526021672102,89,634
2,8,103.267136,25.88447678820278,113,836
2,9,68.13579,17.96789436696284,78,555
2,10,98.05075,24.68884314688096,107,793
2,11,93.82687,24.067604902248515,105,762
2,12,92.748505,23.85008232320043,104,753
2,13,110.662575,28.218812738417913,123,898
2,14,79.78267,19.804520205296782,86,644
2,15,115.77731,29.319173423244912,128,938
2,16,34.963524,9.70111702307576,42,287
2,17,44.383793,12.14928881843122,53,364
2,18,113.52174,28.337320061848207,123,918
2,19,53.814842,14.301530412496255,62,439
2,20,63.07342,16.58063552540765,72,514
2,21,55.321407,14.638325948521398,64,451
2,22,107.25386,26.61298898672971,116,867
2,23,39.65863,11.125730686287461,48,326
2,24,90.3646,22.165297124408628,96,729
2,25,107.613716,27.222593531932656,118,871
2,26,63.444233,16.873525829204883,73,517
2,27,29.395777,8.802207914323054,38,244
2,28,116.779045,29.23148328772757,127,944
2,29,92.79552,23.250731390170653,101,751
2,30,53.60122,14.661872502633814,64,439
2,31,79.17055,20.237644367322567,88,642
2,32,60.810608,15.784462249233068,69,495
2,33,92.225716,23.956817616124564,104,750
2,34,35.924377,9.797177538741181,43,294
2,35,88.16162,22.636623228821563,99,716
2,36,103.294334,25.677792472903295,112,835
2,37,39.28489,10.84996764017488,47,322
2,38,108.823654,26.76812471441837,116,878
2,39,57.956867,15.595774042477759,68,474
2,40,39.377953,11.053228661291882,48,324
2,41,29.5353,8.471673543225815,37,244
2,42,49.234238,13.47125076070326,59,404
2,43,70.40535,17.58476326253955,77,570
2,44,40.090454,11.170251907359038,49,330
2,45,107.56019,27.014388114471345,118,871
2,46,79.00473,20.499342523359083,89,642
2,47,29.26517,8.553736377061767,37,242
2,48,69.9179,17.935850009769062,78,567
2,49,39.485188,11.11446538932717,48,324
2,50,89.09933,22.54507329034972,98,722
3,1,26.606668,7.878988457605082,34,220
3,2,68.83884,18.287979612484765,80,562
3,3,43.647995,11.850048466355894,52,358
3,4,25.752178,8.019386360731898,35,215
3,5,22.278454,6.854518459872843,30,186
3,6,69.62773,18.2995844784174,80,567
3,7,69.442085,18.025717815683972,78,564
3,8,91.599205,23.202545858665165,101,742
3,9,59.852497,15.609062056978136,68,487
3,10,88.04535,22.043658175134507,96,712
3,11,83.264656,21.145439772453706,92,675
3,12,82.38696,21.065499672623407,92,669
3,13,99.60482,25.35620257065821,110,807
3,14,70.94597,18.175646637341245,79,576
3,15,104.6036,26.684152331218222,116,848
3,16,30.584944,8.791881568463113,38,252
3,17,39.774456,10.898463429067325,47,325
3,18,99.94908,25.21790355760747,110,810
3,19,46.498455,13.153561728153669,57,382
3,20,58.088776,14.935291686184087,65,472
3,21,48.4577,12.956739904084024,56,395
3,22,95.36632,24.270338946403275,106,774
3,23,34.949455,9.879476132049332,43,288
3,24,78.82268,20.145462968340336,88,640
3,25,94.452705,23.805193923646122,104,765
3,26,55.344727,15.16946570419914,66,453
3,27,25.563366,7.997455714791095,35,214
3,28,105.30379,25.783533166410464,112,849
3,29,84.2352,21.377106870480652,93,683
3,30,48.963005,12.912821714233965,56,399
3,31,69.06433,18.245472579524336,79,562
3,32,53.493958,14.334169698797856,62,436
3,33,82.41653,20.84687850480254,91,668
3,34,30.73862,8.817630417034708,38,253
3,35,77.14296,19.730171887475937,86,626
3,36,91.35202,23.32866210436603,102,741
3,37,34.72626,9.946896260667522,43,286
3,38,96.839966,24.567156648448925,107,785
3,39,52.4546,14.153782777521387,62,429
3,40,34.513325,10.282865819913159,45,287
3,41,26.06808,7.924550389149391,34,216
3,42,44.253418,12.210486263731298,53,363
3,43,60.787727,15.86476564024246,69,495
3,44,35.12937,10.169765605311277,44,290
3,45,95.08974,24.13083147643651,105,771
3,46,70.719955,18.226487679248766,79,574
3,47,26.315615,7.931195854538386,35,219
3,48,61.154003,16.232080995149577,71,499
3,49,33.895363,10.158050321272201,44,281
3,50,77.89275,19.723592228257548,86,631
4,1,24.002401,7.365664212534775,32,200
4,2,64.28571,17.041899145872275,74,524
4,3,39.15869,11.323145855243034,49,323
4,4,24.38431,7.47964474183601,33,204
4,5,19.592443,6.617390767960303,29,166
4,6,62.625305,16.676113559454336,73,511
4,7,63.964935,17.037464268371952,74,522
4,8,86.12774,21.83280983799112,95,698
4,9,56.421635,15.04272024110855,65,460
4,10,80.615845,20.272155277580236,88,652
4,11,77.060974,20.22073113915824,88,627
4,12,76.76918,19.74608282508712,86,623
4,13,91.2309,23.433155785685965,102,741
4,14,64.17225,16.75637079539187,73,522
4,15,97.75638,24.220857840411483,105,789
4,16,27.992085,8.3227716442679,36,232
4,17,35.66962,10.33240471497241,45,295
4,18,92.39721,23.307933235664393,101,748
4,19,44.9331,12.254313589541587,53,368
4,20,52.223232,13.95889170889019,61,427
4,21,43.061367,12.044869412695743,52,353
4,22,89.28043,22.11938667195703,96,721
4,23,32.44273,9.216937691276009,40,267
4,24,72.37685,18.770636086380282,82,589
4,25,87.86279,22.399107824119074,97,712
4,26,53.235348,14.223279582800789,62,435
4,27,24.118364,7.2854029274571515,32,201
4,28,96.167564,24.487527692653565,107,780
4,29,76.649956,20.072007116898025,87,624
4,30,43.61328,12.193665377011383,53,358
4,31,64.204575,16.397622937826096,71,520
4,32,48.96353,13.405392651681034,58,401
4,33,77.11022,19.326435834111088,84,624
4,34,28.528776,8.553902661811874,37,237
4,35,72.519005,18.8662090859273,82,590
4,36,85.51433,21.521710829235726,94,693
4,37,32.705074,9.425371684131147,41,270
4,38,88.19998,22.365749637911193,97,714
4,39,48.944313,13.094107260214749,57,400
4,40,32.088474,9.320739781495531,41,266
4,41,24.16306,7.400521450467897,32,201
4,42,40.43142,11.184931382541441,49,332
4,43,57.848015,14.928218949417671,65,470
4,44,32.39785,9.223303458901416,40,267
4,45,89.298584,22.641055388452585,99,724
4,46,64.64659,16.969468463358776,74,527
4,47,24.118383,7.521635663023399,33,202
4,48,55.972103,15.122158138632365,66,458
4,49,31.515915,9.28013381440229,40,261
4,50,70.899216,18.680835585763564,81,577
5,1,17.956923,5.799578766942057,25,151
5,2,45.883713,12.527600200586878,55,376
5,3,29.298134,8.657347391850614,38,243
5,4,17.84247,5.638124972725175,25,150
5,5,14.978993,5.153233781009039,22,127
5,6,46.848167,12.79690404341967,56,384
5,7,47.23472,12.814753147474608,56,387
5,8,61.420048,16.403554772992116,71,501
5,9,40.67324,11.34810560450692,49,334
5,10,58.758183,15.382924452635105,67,478
5,11,55.44111,15.056992264150264,66,454
5,12,55.396816,14.694191389551305,64,452
5,13,67.52945,17.516229229073392,76,549
5,14,46.65544,12.850708269491424,56,383
5,15,69.98842,18.041889937161923,79,569
5,16,20.479324,6.247231297706605,27,170
5,17,26.611141,8.095382334203826,35,221
5,18,67.06837,17.25986322349648,75,544
5,19,31.98401,9.362632494786208,41,265
5,20,37.7111,10.730771440652017,47,311
5,21,31.828043,9.41826426281847,41,264
5,22,64.57913,16.843199882359183,73,525
5,23,23.83186,7.182432557296274,31,198
5,24,51.298325,14.19180735310361,62,421
5,25,63.833866,17.061332519743402,74,521
5,26,38.048748,10.61381789201288,46,312
5,27,17.497913,5.896263409675772,26,148
5,28,69.638214,17.870470641409952,78,565
5,29,54.787632,14.715726139111759,64,448
5,30,31.795809,9.1640509555386,40,263
5,31,47.217876,12.526287099861339,55,386
5,32,35.556534,10.022092320798395,44,293
5,33,54.378536,15.01549061212403,65,446
5,34,20.88047,6.573030597159042,29,175
5,35,52.779465,14.171236006115494,62,431
5,36,61.415703,16.02926604021544,70,500
5,37,22.654768,7.101544376320916,31,190
5,38,63.30491,16.545574341916424,72,515
5,39,34.633476,10.10054142398121,44,286
5,40,23.21103,7.181734245983429,31,193
5,41,17.502659,5.987357875825646,26,149
5,42,29.207048,8.45886704694038,37,241
5,43,41.223404,11.263548448489395,49,338
5,44,23.134829,7.424825134548504,32,194
5,45,65.54717,16.873672943596095,73,532
5,46,46.56119,12.633079615478195,55,381
5,47,17.813747,5.894267378644587,26,151
5,48,41.396885,11.384613724043223,50,340
5,49,23.823202,7.3989503738562545,32,199
5,50,52.631287,14.135841149605875,62,430
6,1,17.461226,5.6377850452961855,25,147
6,2,47.71244,12.394203782386464,54,388
6,3,28.974453,8.47632474368453,37,240
6,4,17.72328,5.887555518769398,26,150
6,5,14.886183,5.251676989471815,23,127
6,6,47.05424,12.62538802836095,55,384
6,7,46.089756,12.64674771054473,55,378
6,8,61.464443,16.354165945609896,71,501
6,9,40.77181,11.510843825029198,50,335
6,10,58.123596,15.383556786244519,67,474
6,11,55.634724,14.84756154784352,65,454
6,12,55.212494,14.731640201678188,64,450
6,13,68.15179,17.73474655079015,77,554
6,14,47.41942,12.682212639561223,55,387
6,15,69.1802,18.049812102934325,79,563
6,16,20.353561,6.436657069260439,28,170
6,17,26.197369,7.634639786998748,33,216
6,18,66.23478,17.46329223593059,76,540
6,19,31.835184,9.321683113985372,41,264
6,20,39.18649,10.561432578931782,46,320
6,21,31.465424,9.317125656897012,41,261
6,22,64.26453,16.659054359395867,72,522
6,23,23.018284,7.309333583819183,32,193
6,24,52.479233,14.275803035714494,62,429
6,25,64.0789,17.031902649331908,74,523
6,26,38.345047,10.310814336259917,45,313
6,27,18.272692,5.873049862854036,26,154
6,28,69.27379,17.949757462281294,78,563
6,29,54.251816,14.69580742050531,64,444
6,30,32.15119,9.205981488599866,40,265
6,31,46.765705,12.573879000699984,55,382
6,32,34.955208,9.848078123159288,43,288
6,33,55.865517,14.644593896868837,64,455
6,34,20.60045,6.542305469068906,28,172
6,35,51.521717,13.974866163520122,61,422
6,36,61.762142,16.347934612819834,71,503
6,37,23.624434,7.22789289831971,31,196
6,38,63.877617,16.585457473471283,72,519
6,39,34.78512,9.91462108267377,43,286
6,40,24.32853,7.413179893920722,32,202
6,41,17.139505,5.920909042252123,26,146
6,42,28.730732,8.685438066494306,38,239
6,43,41.840816,11.254346212221646,49,342
6,44,23.875494,7.206777353477923,31,198
6,45,63.662624,16.966537903671032,74,520
6,46,46.720654,12.958232897924558,56,383
6,47,16.892279,5.778376711698084,25,143
6,48,41.3594,11.347657817647852,49,339
6,49,23.249756,7.093551904199536,31,194
6,50,51.47207,14.048129295768927,61,421
7,1,15.732776,5.428869610020966,24,134
7,2,42.14487,11.614308844450152,51,346
7,3,27.519146,8.1785664519595,36,229
7,4,16.139751,5.370090884042436,23,136
7,5,13.710617,4.701811980659681,20,116
7,6,42.476746,11.906120561498458,52,349
7,7,43.045773,11.717186387782396,51,352
7,8,55.904236,14.622787232407624,64,455
7,9,38.00929,10.444749070123198,45,311
7,10,52.98083,14.353575124105909,62,433
7,11,51.180832,13.51507152259663,59,417
7,12,50.85601,13.890669325403588,60,416
7,13,60.335293,15.984512894395568,70,492
7,14,43.168346,11.595189221307493,50,352
7,15,63.08212,16.68835856909136,73,515
7,16,18.105577,6.100024723916842,27,154
7,17,24.14638,7.262692341407792,32,201
7,18,61.100315,16.011478798972867,70,498
7,19,29.969296,8.865007688732941,39,249
7,20,34.307423,9.94704425182163,43,283
7,21,29.61765,8.532256383014701,37,244
7,22,59.393158,15.731965456934988,68,484
7,23,21.670866,6.809490627900123,30,182
7,24,48.05185,12.737749894649715,55,391
7,25,59.041157,15.643357635926835,68,481
7,26,35.127995,9.918076473332375,43,289
7,27,15.600118,5.5498682818141525,24,133
7,28,63.99549,16.88449904300404,73,521
7,29,50.370502,13.39809160421784,58,411
7,30,29.001085,8.685264206255408,38,241
7,31,43.822487,11.996303371127185,52,359
7,32,31.946732,9.286920241391641,40,264
7,33,49.783424,13.704617764013692,60,408
7,34,18.52493,6.105417707132256,27,157
7,35,48.11166,13.192786835355783,57,394
7,36,57.435787,14.927571284765621,65,467
7,37,20.618443,6.700236660937762,29,173
7,38,58.85358,15.080164026921073,66,478
7,39,31.792122,9.23334914254302,40,263
7,40,21.739866,6.7623459091062665,29,181
7,41,15.569195,5.434850285858508,24,133
7,42,27.41324,7.927176740763044,34,226
7,43,37.031647,10.542493198758283,46,305
7,44,21.239746,6.79476149786922,30,179
7,45,59.188396,15.713172584600349,68,482
7,46,43.68273,12.039658151306714,52,358
7,47,16.39372,5.390044600874364,23,138
7,48,38.21024,10.571110201157664,46,313
7,49,21.018595,6.782780438021266,30,177
7,50,47.610737,13.281917981220246,58,391
8,1,28.790318,8.674790871373919,38,240
8,2,74.652374,19.341804483862493,84,607
8,3,47.35489,12.708232748198492,55,386
8,4,27.825804,8.307227333597988,36,231
8,5,24.607275,7.175602797042464,31,203
8,6,74.93186,19.537846360098143,85,610
8,7,76.74014,19.092437570939268,83,620
8,8,99.555954,25.06461938301534,109,806
8,9,65.86168,17.312228810504322,75,536
8,10,94.805534,23.47811434320123,102,766
8,11,89.52464,22.692957179935874,99,726
8,12,88.50198,22.560022920810734,98,718
8,13,107.744934,26.978128496530772,117,871
8,14,75.74683,19.36312356587284,84,614
8,15,112.09589,27.931603032696625,122,907
8,16,33.32469,9.670477325247385,42,275
8,17,41.057613,11.317505263272007,49,336
8,18,107.201706,27.04710174366087,118,868
8,19,53.08138,13.844221195240689,60,432
8,20,60.74022,15.737501114634059,68,493
8,21,52.819992,13.849898488708998,60,430
8,22,102.94742,26.16775438195267,114,835
8,23,36.926197,10.648568561740596,46,304
8,24,85.52492,21.772455378897174,95,694
8,25,102.54642,25.743193978790604,112,830
8,26,61.845615,16.382966293624133,71,504
8,27,26.91904,8.3561793293669,36,224
8,28,112.16593,28.025861399852367,122,907
8,29,90.38437,22.971811031960044,100,733
8,30,50.788628,14.12230462325054,61,417
8,31,74.91985,19.38149268088956,84,608
8,32,55.964333,15.132227896649686,66,458
8,33,88.98756,22.766600985801222,99,722
8,34,32.956142,9.50323110635599,41,272
8,35,85.351845,21.408672744796753,93,690
8,36,99.32853,24.65135044172418,107,802
8,37,38.285736,10.822803191616112,47,315
8,38,104.75735,26.061399752485908,113,846
8,39,57.077457,15.023997974191174,65,465
8,40,38.01867,10.495851528531338,46,312
8,41,28.711687,8.378494339278529,36,237
8,42,47.180283,12.774035753184865,56,386
8,43,65.67349,17.092549058779106,74,534
8,44,38.19247,10.458599672427386,46,313
8,45,100.58779,25.98329881292173,113,817
8,46,75.85932,19.26523197820444,84,615
8,47,28.134655,8.312122048981237,36,233
8,48,66.25908,17.31303790613295,75,539
8,49,37.808933,10.673202484391423,46,311
8,50,84.55402,21.455452293193265,93,685
9,1,23.747734,7.679958120008224,33,199
9,2,65.61646,16.815062137383507,73,532
9,3,40.35927,11.492829964640524,50,333
9,4,24.733992,7.623657592151556,33,206
9,5,19.92001,6.505789281733358,28,167
9,6,64.696,17.149442751410856,75,528
9,7,63.973354,16.85933030047323,73,521
9,8,85.10785,21.925506218553164,95,691
9,9,55.70731,15.058673404951016,66,456
9,10,81.569405,20.596461322501764,90,661
9,11,77.11499,19.36409267912978,84,624
9,12,76.5463,19.831945082987033,86,622
9,13,92.44897,23.34692874223167,102,749
9,14,64.57408,16.78038877113509,73,525
9,15,97.82352,24.336769956516466,106,791
9,16,27.94641,8.5403665671301,37,233
9,17,35.492466,10.497156281865445,46,294
9,18,92.808334,23.88158419895824,104,754
9,19,44.778873,12.149117450360283,53,366
9,20,52.743122,13.934695346184254,61,430
9,21,44.138435,12.222878912300738,53,362
9,22,89.506386,22.383659906381958,97,724
9,23,32.894558,9.439174639291288,41,271
9,24,72.40516,18.484005763195576,80,587
9,25,89.88606,22.864381687049516,100,729
9,26,52.382465,13.88519072152238,60,427
9,27,24.54298,7.51594057318151,33,205
9,28,97.05443,24.79683451339336,108,787
9,29,78.02083,19.98502409217228,87,633
9,30,44.875526,12.313121333464244,54,368
9,31,64.59156,16.55821977337887,72,524
9,32,48.400455,13.24308796770693,58,397
9,33,77.207214,19.494852278861362,85,625
9,34,28.480236,8.353555129631827,36,235
9,35,73.59392,18.568786350762807,81,596
9,36,84.09612,21.671221240321774,94,683
9,37,33.280514,9.419134816977737,41,274
9,38,89.10551,22.878598886416153,100,724
9,39,49.532303,13.379897291238876,58,405
9,40,32.77335,9.300601181589677,40,269
9,41,23.945942,7.565413747544649,33,201
9,42,39.977955,11.411378436382947,50,330
9,43,55.6785,15.190578031721095,66,456
9,44,32.188442,9.260079392188734,40,265
9,45,89.42578,22.999786425448608,100,726
9,46,64.794334,16.91936246193534,74,528
9,47,24.216791,7.455293513138839,32,202
9,48,56.762814,15.062102447464754,66,463
9,49,32.42407,9.682590764989113,42,269
9,50,72.1305,18.728149767407466,82,587
10,1,25.557938,7.958211179760423,35,214
10,2,68.93227,17.430707396715704,76,559
10,3,43.341084,12.182981499124928,53,356
10,4,25.857677,7.713653847780854,34,215
10,5,21.349827,6.737933912254194,29,178
10,6,68.4219,17.762485973096645,77,556
10,7,67.8715,17.792978152642565,77,552
10,8,90.540276,22.980889681218848,100,734
10,9,59.694397,16.0385043896853,70,488
10,10,85.8767,22.061496216133236,96,697
10,11,83.65793,21.037567464912467,92,678
10,12,82.80287,21.36606371356097,93,673
10,13,99.65902,24.56720990847799,107,805
10,14,69.46499,18.09715056828754,79,565
10,15,102.82294,25.525961867521993,111,831
10,16,29.41985,8.751124690132158,38,244
10,17,39.132847,10.957057049720712,48,322
10,18,97.79004,24.535621283476704,107,792
10,19,47.34307,12.866519699944211,56,387
10,20,55.327545,14.833908920844252,65,452
10,21,47.688206,13.176794486951168,57,391
10,22,94.1112,23.57827712782236,103,762
10,23,34.56829,9.959940012464795,43,285
10,24,78.52339,20.080825285059664,87,637
10,25,93.70315,23.937659318848404,104,760
10,26,54.92428,14.798368824860693,64,448
10,27,26.32343,7.715409667793103,34,218
10,28,102.50523,25.972545203858942,113,831
10,29,80.5835,20.502870277359477,89,653
10,30,47.45803,13.032021976830404,57,389
10,31,66.750496,17.88829961890187,78,545
10,32,51.86326,13.969583344226304,61,424
10,33,81.34035,21.22201651096806,92,661
10,34,29.481207,8.896413391259909,39,245
10,35,77.86582,19.810903764422456,86,631
10,36,90.348175,22.908582666324993,100,732
10,37,34.458473,9.833289288926258,43,284
10,38,94.65142,23.619677512603072,103,766
10,39,53.309555,13.773723243182474,60,433
10,40,33.806606,9.747054219689971,42,279
10,41,25.692562,7.803909244927267,34,214
10,42,42.182613,12.067809351344088,53,348
10,43,60.846127,15.718237385522775,68,494
10,44,34.89827,9.639766453503357,42,286
10,45,93.95424,24.007693424653397,104,762
10,46,68.303566,18.154424125723562,79,557
10,47,25.7015,7.926735901922451,34,214
10,48,60.926025,15.741181814848943,69,495
10,49,33.133305,10.077506496776756,44,276
10,50,77.06011,19.645156298596024,85,624
